State,2009_WIC_Participants,2011_WIC_Participants,2012_WIC_Participants,2013_WIC_Participants,2014_WIC_Participants,2015_WIC_Participants,2009_National_Lunch_School_Program_Participants,2011_National_Lunch_School_Program_Participants,2012_National_Lunch_School_Program_Participants,2013_National_Lunch_School_Program_Participants,2014_National_Lunch_School_Program_Participants,2015_National_Lunch_School_Program_Participants,2009_School_Breakfast_Program_Participants,2011_School_Breakfast_Program_Participants,2012_School_Breakfast_Program_Participants,2013_School_Breakfast_Program_Participants,2014_School_Breakfast_Program_Participants,2015_School_Breakfast_Program_Participants,2009_Child_and_Adult_Care_Participants,2011_Child_and_Adult_Care_Participants,2012_Child_and_Adult_Care_Participants,2013_Child_and_Adult_Care_Participants,2014_Child_and_Adult_Care_Participants,2015_Child_and_Adult_Care_Participants,2009_Summer_Food_Participants,2011_Summer_Food_Participants,2012_Summer_Food_Participants,2013_Summer_Food_Participants,2014_Summer_Food_Participants,2015_Summer_Food_Participants,2009_State_Population,2010_State_Population,2011_State_Population,2012_State_Population,2013_State_Population,2014_State_Population,2015_State_Population,2016_State_Population,Percent_Pop_WIC_Participants_2009,Percent_Pop_WIC_Participants_2011,Percent_Pop_WIC_Participants_2012,Percent_Pop_WIC_Participants_2013,Percent_Pop_WIC_Participants_2014,Percent_Pop_WIC_Participants_2015,Percent_Pop_National_School_Lunch_Program_Participants_2009,Percent_Pop_National_School_Lunch_Program_Participants_2011,Percent_Pop_National_School_Lunch_Program_Participants_2012,Percent_Pop_National_School_Lunch_Program_Participants_2013,Percent_Pop_National_School_Lunch_Program_Participants_2014,Percent_Pop_National_School_Lunch_Program_Participants_2015,Percent_Pop_School_Breakfast_Program_Participants_2009,Percent_Pop_School_Breakfast_Program_Participants_2011,Percent_Pop_School_Breakfast_Program_Participants_2012,Percent_Pop_School_Breakfast_Program_Participants_2013,Percent_Pop_School_Breakfast_Program_Participants_2014,Percent_Pop_School_Breakfast_Program_Participants_2015,Percent_Pop_Child_and_Adult_Care_Participants_2009,Percent_Pop_Child_and_Adult_Care_Participants_2011,Percent_Pop_Child_and_Adult_Care_Participants_2012,Percent_Pop_Child_and_Adult_Care_Participants_2013,Percent_Pop_Child_and_Adult_Care_Participants_2014,Percent_Pop_Child_and_Adult_Care_Participants_2015,Percent_Pop_Summer_Food_Participants_2009,Percent_Pop_Summer_Food_Participants_2011,Percent_Pop_Summer_Food_Participants_2012,Percent_Pop_Summer_Food_Participants_2013,Percent_Pop_Summer_Food_Participants_2014,Percent_Pop_Summer_Food_Participants_2015,Population_Low_Access_to_Stores_2010,Population_Low_Access_to_Stores_2015,Percent_Chg_Population_Low_Access_to_Stores_2010_to_2015,Percent_Pop_Low_Access_to_Stores_2010,Percent_Pop_Low_Access_to_Stores_2015,Low_Income_&_Low_Access_to_Stores_2010,Low_Income_&_Low_Access_to_Stores_2015,Percent_Chg_Low_Income_&_Low_Access_to_Stores_2010_to_2015,Percent_Pop_Low_Income_&_Low_Access_to_Stores_2010,Percent_Pop_Low_Income_&_Low_Access_to_Stores_2015,Households_No_Car_&_Low_Access_to_Stores_2010,Households_No_Car_&_Low_Access_to_Stores_2015,Percent_Chg_Households_No_Car_&_Low_Access_to_Stores_2010_to_2015,Percent_Pop_Households_No_Car_&_Low_Access_to_Stores_2010,Percent_Pop_Households_No_Car_&_Low_Access_to_Stores_2015,Children_Low_Access_to_Stores_2010,Children_Low_Access_to_Stores_2015,Percent_Chg_Children_Low_Access_to_Stores_2010_to_2015,Percent_Pop_Children_Low_Access_to_Stores_2010,Percent_Pop_Children_Low_Access_to_Stores_2015,Seniors_Low_Access_to_Stores_2010,Seniors_Low_Access_to_Stores_2015,Percent_Chg_Seniors_Low_Access_to_Stores_2010_to_2015,Percent_Pop_Seniors_Low_Access_to_Stores_2010,Percent_Pop_Seniors_Low_Access_to_Stores_2015,Grocery_Stores_2009,Grocery_Stores_2014,Percent_Chg_Grocery_Stores_2009_to_2014,"Grocery_Stores_2009_per_1,000/pop","Grocery_Stores_2014_per_1,000/pop",Supercenters_&_Club_Stores_2009,Supercenters_&_Club_Stores_2014,Percent_Chg_Supercenters_&_Club_Stores_2009_to_2014,"Supercenters_&_Club_Stores_2009_per_1,000/pop","Supercenters_&_Club_Stores_2014_per_1,000/pop",Convenience_Stores_2009,Convenience_Stores_2014,Percent_Chg_Convenience_Stores_2009_to_2014,"Convenience_Stores_2009_per_1,000/pop","Convenience_Stores_2014_per_1,000/pop",Specialized_Food_Stores_2009,Specialized_Food_Stores_2014,Percent_Chg_Specialized_Food_Stores_2009_to_2014,"Specialized_Food_Stores_2009_per_1,000/pop","Specilaized_Food_Stores_2014_per_1,000/pop",SNAP_Authorized_Stores_2012,SNAP_Authorized_Stores_2016,Percent_Chg_SNAP_Authorized_Stores_2009_to_2014,"SNAP_Authorized_Stores_2012_per_1,000/pop","SNAP_Authorized_Stores_2016_per_1,000/pop",WIC_Authorized_Stores_2008,WIC_Authorized_Stores_2012,Percent_Chg_WIC_Authorized_Stores_2009_to_2014,"WIC_Authorized_Stores_2008_per_1,000/pop","WIC_Authorized_Stores_2012_per_1,000/pop",Fast-food_Restaurants_2009,Fast-food_Restaurants_2014,Percent_Chg_Fast-food_Restaurants_2009_to_2014,"Fast-food_Restaurants_2009_per_1,000/pop","Fast-food_Restaurants_2014_per_1,000/pop",Full-service_Restaurants_2009,Full-service_Restaurants_2014,Percent_Chg_Full-service_Restaurants_2009_to_2014,"Full-service_Restaurants_2009_per_1,000/pop","Full-service_Restaurants_2014_per_1,000/pop",Percent_Chg_Household_Food_Insecurity_2010_to_2012,Percent_Chg_Household_Food_Insecurity_2013_to_2015,Percent_Chg_Household_Food_Insecurity_2010-12_to_2013-15,Percent_Chg_Household_Very_Low_Food_Insecurity_2010_to_2012,Percent_Chg_Household_Very_Low_Food_Insecurity_2013_to_2015,Percent_Chg_Household_Very_Low_Food_Insecurity_2010-12_to_2013-15
AK,25816,26295,24969.3333,23054.6667,19604.6667,19682,53554,54410.0444,53919.813,52495.0258,51002.8767,53616.9244,16943,19974.2299,20758.7199,20740.7407,21044.7081,25111.231,9874,9616,10540.75,10962.75,11429.5,10786.5,2345,6564,4661,5078,6670,5850,698473,714146,722718,730307,735132,736732,738432,741894,0.036960627,0.036383486,0.034190188,0.031361261,0.02661031,0.026653774,0.076672971,0.075285304,0.073831708,0.071408979,0.069228535,0.072609156,0.024257201,0.027637654,0.028424649,0.028213628,0.028564944,0.034006152,0.014136552,0.013305328,0.014433314,0.014912628,0.015513782,0.014607303,0.003357324,0.009082381,0.006382247,0.006907603,0.009053496,0.007922192,223495.1373,223550.1114,0.000245975,0.312954406,0.302736219,59540.9287,64994.54318,0.091594381,0.083373608,0.088016965,13877.48963,13515.92396,-0.026054112,0.019432286,0.018303546,60647.64026,60371.20966,-0.004557978,0.084923307,0.08175595,16385.33731,16124.6154,-0.015911904,0.02294396,0.02183629,215,213,-0.009302326,0.307814332,0.289114631,19,24,0.263157895,0.027202197,0.032576296,177,204,0.152542373,0.253409939,0.276898519,48,54,0.125,0.068721339,0.073296667,501,498.75,-0.004491018,0.686012869,0.672265849,191,187,-0.020942408,0.273453662,0.256056699,396,429,0.083333333,0.566951049,0.582301298,500,566,0.132,0.715847284,0.768257657,12.1,13.3,1.2,4.4,4.4,0
AL,140810,143768,141899.8333,139000.5,131046.25,132132.75,579880,571291.1423,562959.0076,539664.2694,531099.2449,531306.4845,212316,216714.3713,224489.7519,224172.9594,236579.8873,254270.2865,43136,42773.5,42903.75,41862.5,45038.75,51291.25,26599,24724,26077,30308,42484,49907,4708708,4785401,4802740,4817528,4833722,4849377,4858979,4863300,0.029904169,0.029934579,0.029454906,0.028756412,0.027023317,0.027193522,0.123150554,0.118951087,0.116856406,0.111645699,0.109519067,0.109345293,0.045090076,0.04512307,0.046598536,0.046376883,0.048785625,0.052329983,0.009160899,0.008906062,0.00890576,0.00866051,0.009287533,0.010555973,0.005648896,0.005147895,0.005412942,0.006270116,0.008760713,0.010271088,1025391.931,962910.89,-0.060933813,0.214275027,0.198171445,367290.1993,378623.2002,0.030855713,0.07675223,0.077922378,58525.47871,58199.87376,-0.005563474,0.012230005,0.011977799,245216.4974,231385.8026,-0.056401975,0.051242623,0.047620252,134778.3885,125711.5175,-0.067272439,0.028164492,0.025872003,776,760,-0.020618557,0.164801045,0.156721162,111,119,0.072072072,0.023573345,0.024539235,3151,3126,-0.007933989,0.669185687,0.644618886,213,179,-0.159624413,0.045235338,0.036911958,4323.833333,4866.666667,0.125544463,0.897521163,1.00069226,815,741,-0.090797546,0.173083572,0.153813325,3322,3561,0.071944612,0.705501382,0.73432113,2759,2777,0.006524103,0.585935675,0.572650879,17.9,17.6,-0.3,6.8,7.3,0.5
AR,94107,93461,94292.75,89776.8333,83288.5833,84219.5833,351950,352817.8113,348908.9057,332496.9435,327469.1358,320995.2055,155258,158053.0984,162017.9792,166376.4833,172604.6986,180502.577,43974,51644.25,55787,67629.75,76841.25,67984.5,17494,21841,26217,41946,45837,31081,2889450,2921588,2937979,2949828,2959373,2966369,2978204,2988248,0.032569174,0.031811323,0.031965508,0.030336437,0.028077621,0.028278648,0.121805188,0.120088609,0.118281102,0.112353848,0.110393931,0.10778147,0.053732717,0.053796538,0.054924551,0.05622018,0.058187197,0.060607862,0.015218813,0.017578155,0.01891195,0.022852729,0.025904144,0.022827348,0.006054439,0.007434022,0.008887637,0.014173948,0.015452225,0.010436155,619650.0845,587921.0692,-0.05120473,0.212093589,0.197407924,245604.3439,254969.8974,0.038132687,0.084065359,0.085611965,35301.62851,33671.4329,-0.046179048,0.012083028,0.011305952,149615.7876,143069.8447,-0.043751686,0.051210433,0.048038967,87467.34961,84960.69642,-0.028658159,0.02993829,0.028527494,542,475,-0.123616236,0.187578951,0.160128426,74,86,0.162162162,0.02561041,0.028991673,1406,1507,0.071834993,0.486597795,0.508028502,120,119,-0.008333333,0.041530395,0.040116385,2330.333333,2614.916667,0.122121299,0.789989563,0.875066817,462,425,-0.08008658,0.159892021,0.144076197,1881,1939,0.030834662,0.650988943,0.653661092,1892,1929,0.019556025,0.654795895,0.650289967,14.9,14.9,0,6.4,6,-0.4
AZ,208873,199343,193214.0834,182500.75,173020.1667,167072.25,655498,661436.7734,662439.5302,646766.7506,644173.319,647390.6269,231674,261118.6624,274596.3083,289520.1966,300355.3878,308723.3609,45772,42160.5,41670.75,42945.25,40344,42557,12403,23732,27554,23688,23209,16007,6595778,6413158,6482505,6551149,6626624,6731484,6828065,6931071,0.031667682,0.030750921,0.02949316,0.027540532,0.025703124,0.024468462,0.099381453,0.102034132,0.101118068,0.097601245,0.095695588,0.09481319,0.03512459,0.040280518,0.041915748,0.043690452,0.044619491,0.045213887,0.006939591,0.006503736,0.006360831,0.006480713,0.005993329,0.006232659,0.001880445,0.00366093,0.00420598,0.003574671,0.003447828,0.002344295,1219018.834,1254357.802,0.028989681,0.190080898,0.183706189,416946.1047,482198.7057,0.156501285,0.065014164,0.070620111,35297.5007,37853.37708,0.072409557,0.005503919,0.005543793,283298.5116,291600.5854,0.029305039,0.044174572,0.042706182,220521.4564,230182.9906,0.043812219,0.034385783,0.033711306,861,825,-0.041811847,0.13053805,0.122558414,125,142,0.136,0.018951517,0.021094903,1914,1897,-0.008881923,0.290185631,0.281810073,350,326,-0.068571429,0.053064248,0.048429143,3667.333333,3822.166667,0.042219596,0.559800019,0.551453977,713,725,0.016830295,0.108099454,0.11066761,4071,4211,0.034389585,0.617213011,0.625567854,3799,4053,0.0668597,0.57597451,0.602096061,19.7,19.2,-0.5,8.1,7.4,-0.7
CA,1439006,1466564,1472468.25,1431881.417,1348938.583,1265005.25,3175063,3282276.519,3355494.427,3294580.367,3280666.067,3271856.526,1172714,1288654.681,1406620.161,1517341.244,1645954.093,1691545.847,327838,327270.25,362931,451422,512186.5,563089.25,95080,115628,104384,114689,115937,128051,36961664,37338198,37691912,37999878,38332521,38802500,39144818,39250017,0.038932392,0.038909249,0.038749289,0.03735422,0.034764218,0.032316034,0.085901517,0.08708172,0.088302768,0.085947396,0.084547801,0.083583388,0.031727846,0.034189157,0.037016439,0.039583654,0.042418764,0.04321251,0.008869676,0.008682771,0.009550846,0.011776476,0.013199832,0.014384771,0.002572395,0.003067714,0.002746956,0.00299195,0.002987874,0.003271212,4594847.939,4323349.506,-0.059087577,0.123060249,0.110445002,1164227.522,1225949.437,0.053015337,0.031180603,0.031318307,82537.66502,82950.54945,0.005002376,0.002210542,0.002119068,1140620.385,1069902.913,-0.06199913,0.030548351,0.027331917,578423.8807,550467.0876,-0.048332709,0.015491478,0.014062323,7813,8097,0.036349674,0.211381176,0.208672122,193,270,0.398963731,0.005221626,0.006958315,8099,8667,0.070132115,0.219118923,0.223361897,3149,2794,-0.112734201,0.085196381,0.07200567,22237.83333,23505.5,0.057004954,0.585208019,0.598865983,4293,5814,0.354297694,0.116147368,0.153000491,25842,28292,0.094806903,0.699156834,0.729128278,26962,29796,0.105110897,0.729458501,0.767888667,15.6,12.6,-3,5.7,4.5,-1.2
CO,107930,104129,103768.75,96873.5833,91990.9167,90953.5,390868,399392.6645,389955.4117,375033.3213,372674.6974,378228.9344,107139,126775.5004,142955.6514,155733.3094,168991.6098,185013.6641,34480,33486.25,32550.25,32507.25,31816.5,43319.75,12804,15569,16646,17933,19076,20180,5024748,5047692,5116796,5189458,5268367,5355866,5456574,5540545,0.021479684,0.02035043,0.019996067,0.018387782,0.017175732,0.016668609,0.077788578,0.078055225,0.075143765,0.071185876,0.069582528,0.069316193,0.021322263,0.024776344,0.027547318,0.029560072,0.031552621,0.033906562,0.006862036,0.006544379,0.00627238,0.006170271,0.005940496,0.007939002,0.002548187,0.003042724,0.003207657,0.003403901,0.003561702,0.003698291,1061756.211,944824.5268,-0.110130445,0.210344888,0.173153434,290873.7671,274704.3144,-0.055589244,0.057625102,0.050343735,24012.01714,20638.5388,-0.140491252,0.004757029,0.003782325,266013.4059,240513.8226,-0.095858264,0.052700007,0.044077808,119813.4707,103548.509,-0.135752362,0.023736288,0.018976836,717,814,0.135285914,0.142693723,0.151982891,105,115,0.095238095,0.02089657,0.021471784,1612,1621,0.005583127,0.320812108,0.302658804,362,381,0.052486188,0.072043414,0.071136955,2413.75,2570.666667,0.065009494,0.465125645,0.46397361,423,433,0.023640662,0.084183326,0.083438386,3577,3877,0.083869164,0.711876496,0.723879201,4344,4813,0.107965009,0.864520967,0.898640855,14.1,12.1,-2,5.8,5.1,-0.7
CT,60148,56083,56583.5833,54248.1667,52560.75,51295.4167,302997,301544.8879,296699.3887,280253.3861,281934.436,280151.6241,68912,81660.4339,86529.306,87970.8738,93236.4857,95008.63,18678,19655.75,20326.25,20779.75,20479.75,21873.25,12285,10834,10185,12171,17274,28276,3518288,3575498,3580709,3591765,3596080,3596677,3590886,3576452,0.017095815,0.015662541,0.015753699,0.015085361,0.014613698,0.014284891,0.086120579,0.084213738,0.082605457,0.077933023,0.078387477,0.07801741,0.019586799,0.022805661,0.024091027,0.024462991,0.025922952,0.02645827,0.005308832,0.005489346,0.005659126,0.005778445,0.005694075,0.006091324,0.003491755,0.003025658,0.002835653,0.003384519,0.004802767,0.00787438,1032347.055,1033866.266,0.001471608,0.288728187,0.287913976,139156.5478,155237.4665,0.115559914,0.038919487,0.043230965,19993.6171,21689.07428,0.084799922,0.005591841,0.006040034,236246.5463,237059.8504,0.003442607,0.066073746,0.066017092,158145.4487,159207.3349,0.006714618,0.044230328,0.044336505,750,814,0.085333333,0.213171861,0.226320017,24,27,0.125,0.0068215,0.007506929,1157,1194,0.031979257,0.328853124,0.331973096,283,284,0.003533569,0.080436849,0.078961775,2287.25,2389.833333,0.044850075,0.636803911,0.668213451,680,662,-0.026470588,0.193275821,0.184310499,2021,2429,0.201880257,0.574427108,0.675345604,3310,3337,0.0081571,0.940798479,0.927800856,13.4,13.1,-0.3,4.9,6.3,1.4
DC,17473,16537,16474.25,15674.25,14500.5,14525.9167,44579,46699.0291,47734.6278,50569.4594,50809.4211,52668.3447,20431,29829.9173,33281.4335,34873.4268,34873.9063,34498.7415,5975,5189,7827.75,4989.5,5764.75,5581,35298,36690,36158,34778,39449,28713,599657,604912,617996,633427,646449,658893,672228,681170,0.029138324,0.026759073,0.026008127,0.024246692,0.022007367,0.021608616,0.074340832,0.075565261,0.07535932,0.078226526,0.077113311,0.07834893,0.034071144,0.048268787,0.052541861,0.053946138,0.052928027,0.051320001,0.009964029,0.008396494,0.012357778,0.00771832,0.008749144,0.008302243,0.05886365,0.059369316,0.057083137,0.053798521,0.059871633,0.042713187,16970.70565,12688.2801,-0.25234222,0.028054834,0.018874965,5764.584305,4728.931789,-0.179657797,0.009529625,0.007034714,1872.741669,1227.166069,-0.344722185,0.003095891,0.001825521,3930.122239,3454.452976,-0.121031671,0.006497015,0.005138811,2781.967837,1881.052365,-0.323841081,0.004598963,0.002798236,181,198,0.093922652,0.301839218,0.300504027,0,2,2,0,0.003035394,160,185,0.15625,0.266819198,0.280773965,44,47,0.068181818,0.07337528,0.071331764,424.6666667,421,-0.008634223,0.670427163,0.61805423,23,24,0.043478261,0.03835526,0.037889133,732,839,0.146174863,1.220697832,1.273347873,678,806,0.18879056,1.130646353,1.223263868,11.6,11.9,0.3,4.9,3.2,-1.7
DE,24028,22553,22213.6667,20796.9167,19872.8333,18997.9167,90073,94721.563,96040.1534,94570.7779,94943.4256,97977.9456,33202,36698.7894,38624.116,39521.9945,41136.8812,47973.9902,15773,18991,18366.75,19016,18886,19986.75,10727,9129,14366,8190,9935,10298,885122,899792,907135,917053,925749,935614,945934,952065,0.02714654,0.02486179,0.024222882,0.022464963,0.021240419,0.020083766,0.101763373,0.104418375,0.104726939,0.10215596,0.101477132,0.103577993,0.037511213,0.040455709,0.042117649,0.042691912,0.043967791,0.050716002,0.017820142,0.020935142,0.020028014,0.020541205,0.020185675,0.021129117,0.012119233,0.010063552,0.015665398,0.00884689,0.010618695,0.010886595,230203.2266,175386.2515,-0.238124269,0.25584049,0.185410664,52510.08939,41974.7367,-0.200634827,0.058358031,0.044373853,7808.075455,5524.152929,-0.292507743,0.008677645,0.005839893,52650.34434,39932.55055,-0.241551958,0.058513906,0.042214944,33184.19298,25850.44504,-0.221001244,0.036879849,0.027327958,142,165,0.161971831,0.160429862,0.176354779,10,12,0.2,0.011297878,0.012825802,331,311,-0.060422961,0.373959748,0.332402038,93,85,-0.086021505,0.105070262,0.090849431,723.6666667,755.6666667,0.044219254,0.789121966,0.793713314,76,84,0.105263158,0.08586387,0.091597759,594,615,0.035353535,0.671093928,0.657322357,690,771,0.117391304,0.779553553,0.824057785,12,13.2,1.2,4.5,4.8,0.3
FL,505671,492071,495404.8333,483564.6667,466735.5833,483810.8333,1560392,1648779.216,1653679.971,1638775.141,1652118.303,1675731.032,610818,684278.7966,711285.0294,750969.4355,773079.8274,786519.3575,180614,203266,210496.5,223790.75,248434,269549.5,127826,129450,137796,145389,155570,163445,18537969,18838613,19057542,19320749,19552860,19893297,20271272,20612439,0.027277584,0.025820276,0.025641078,0.024731148,0.023461952,0.023866822,0.084172759,0.086515838,0.085590883,0.083812554,0.083048994,0.082665312,0.032949564,0.035905931,0.036814568,0.03840714,0.038861322,0.038799704,0.009742923,0.010665909,0.010894842,0.011445423,0.012488327,0.013297118,0.006895362,0.006792586,0.007132022,0.00743569,0.007820222,0.008062888,4194766.798,3986500.213,-0.049649145,0.222668558,0.196657625,1228210.4,1347762.435,0.0973384,0.065196435,0.066486328,102808.638,115812.9162,0.126490132,0.005457336,0.005713155,899473.2031,857698.9179,-0.046443057,0.047746254,0.042311056,778895.8695,741221.9217,-0.048368401,0.041345712,0.036565141,3621,3608,-0.003590168,0.195328841,0.181367623,287,342,0.191637631,0.015481739,0.01719172,7779,8451,0.086386425,0.419625257,0.42481646,1410,1482,0.05106383,0.076060112,0.074497455,14448.58333,15096,0.044808315,0.747827288,0.732373301,2098,2097,-0.000476644,0.113173131,0.108536165,11055,12156,0.099592944,0.596343645,0.611060097,13676,15426,0.127961392,0.737729144,0.775437073,14.8,12.7,-2.1,5.7,5.4,-0.3
GA,499213,469456,303874.6667,289524.4167,271416,264298.9167,1290996,1301069.28,1287032.722,1245367.614,1236304.447,1236153.542,564627,600641.6157,620654.8004,608138.0798,626649.7663,626930.2409,140053,138076,135286.25,138070,141104.25,141717.25,68454,75836,84854,71557,98044,101239,9829211,9712157,9815210,9915646,9992167,10097343,10214860,10310371,0.050788715,0.04782944,0.030645978,0.028975138,0.026879943,0.025873964,0.13134279,0.132556438,0.129798172,0.124634387,0.122438591,0.121015221,0.057443777,0.061194984,0.062593481,0.060861481,0.062060858,0.061374335,0.014248651,0.014067554,0.013643715,0.013817824,0.013974394,0.013873636,0.006964343,0.007726376,0.008557587,0.007161309,0.009709881,0.009910953,2449438.595,2382760.852,-0.027221643,0.252203357,0.233264171,778932.6659,876198.3941,0.124870521,0.08020182,0.085776838,87599.67584,95367.84622,0.088678072,0.00901959,0.009336187,653108.6235,637129.292,-0.024466576,0.067246506,0.062372787,241665.5032,235690.065,-0.02472607,0.024882784,0.023073255,1747,1779,0.018317115,0.177735527,0.176184963,176,202,0.147727273,0.017905812,0.020005263,5457,5813,0.06523731,0.555181896,0.575696002,424,431,0.016509434,0.043136728,0.042684496,9007.166667,9380.5,0.041448476,0.908379209,0.909812072,1753,1642,-0.063320023,0.178345953,0.165596876,6901,7702,0.116070135,0.702090941,0.76277492,6916,6879,-0.005349913,0.703617004,0.68126833,16.9,14.9,-2,6.5,5.6,-0.9
HI,36320,36753,37169.4167,36370.0833,33922.5,31616,103807,115693.8751,113618.3627,113609.1334,113980.7024,109591.394,35946,35847.2971,38942.7065,38465.54,37596.6679,37814.3354,9460,9757,10069,10122.5,10739,11390.75,5836,3169,5134,5324,6010,5860,1295178,1363359,1374810,1390090,1404054,1419561,1431603,1428557,0.028042478,0.026733149,0.026738856,0.025903621,0.023896472,0.022084335,0.080148829,0.084152628,0.081734537,0.080915074,0.080292923,0.076551526,0.027753714,0.026074365,0.028014522,0.027396055,0.026484715,0.026413982,0.007304015,0.007096981,0.007243416,0.007209481,0.007565015,0.00795664,0.004505944,0.002305046,0.003693286,0.003791877,0.004233703,0.004093314,341839.1616,364979.9818,0.067695053,0.250733051,0.254944969,78570.71367,94434.95014,0.201910301,0.057630245,0.065964482,6798.406781,7094.270255,0.043519531,0.004986513,0.004955473,83371.73732,91132.12923,0.093081806,0.061151712,0.063657403,46572.25709,46655.9854,0.001797815,0.034159937,0.03259003,285,298,0.045614035,0.220046974,0.209924054,15,12,-0.2,0.01158142,0.008453318,415,431,0.038554217,0.320419278,0.303614991,131,134,0.022900763,0.101144399,0.09439538,903.75,909,0.005809129,0.650137761,0.636306427,132,125,-0.053030303,0.101916493,0.089922235,1274,1249,-0.019623234,0.98364858,0.879849475,1129,1231,0.090345438,0.871694856,0.867169498,14,9.7,-4.3,5.6,3,-2.6
IA,75645,70931,69158.9167,65875.9167,63766.6667,63481.25,394391,396893.5635,395599.7842,384195.0138,383565.8636,381709.0974,84554,88514.3234,93107.5153,94780.7743,93851.732,98260.4579,37532,38946,38915.75,38978.25,39403,44132.75,10346,11122,11109,13607,16016,16703,3007856,3050202,3062309,3075039,3090416,3107126,3123899,3134693,0.025149143,0.023162587,0.022490419,0.021316197,0.020522717,0.02032116,0.131120306,0.129605981,0.128648705,0.124318219,0.123447155,0.122189961,0.028111053,0.028904439,0.030278483,0.030669261,0.030205319,0.031454429,0.012477991,0.012717854,0.012655368,0.012612622,0.012681494,0.014127457,0.003439659,0.0036319,0.003612637,0.004402967,0.005154603,0.005346844,598387.1782,566186.2557,-0.053812855,0.196179525,0.181243458,178560.305,169972.3602,-0.048095487,0.058540485,0.054410325,21494.25132,20615.24925,-0.040894752,0.007046829,0.006599205,144579.9908,134262.6974,-0.071360451,0.047400136,0.042979206,91240.08999,85318.01151,-0.064906539,0.029912802,0.027311386,595,606,0.018487395,0.197815321,0.195035541,63,74,0.174603175,0.020945152,0.023816221,1596,1607,0.006892231,0.530610508,0.517198208,186,178,-0.043010753,0.061838067,0.057287667,2390.5,2519.75,0.054068187,0.777388514,0.803826722,673,664,-0.013372957,0.223747413,0.215932221,1883,1918,0.018587361,0.62602731,0.617290705,2396,2487,0.037979967,0.796580687,0.800418136,13.5,14.8,1.3,6.3,6.1,-0.2
ID,46175,44020,43751.25,43291.6667,41423.4167,40506.4167,170003,170852.2114,170127.1725,160189.0207,158273.8823,156991.7296,70830,74901.9537,77706.2208,75367.9732,76040.2733,77464.7009,9677,8878.75,8546,10694.25,11342.75,11672.25,22625,21744,21114,20959,26932,19775,1545801,1571102,1584985,1595590,1612136,1634464,1654930,1683140,0.029871245,0.027773133,0.027420108,0.026853607,0.025343731,0.024476212,0.109977287,0.107794213,0.106623363,0.099364459,0.096835343,0.094863063,0.045820905,0.0472572,0.048700619,0.046750382,0.046523064,0.046808446,0.006260185,0.005601788,0.005356013,0.00663359,0.006939737,0.007053017,0.014636425,0.013718742,0.013232723,0.013000764,0.016477573,0.011949146,332652.1536,316789.876,-0.047684277,0.211731736,0.191421919,107604.1265,110683.6213,0.028618742,0.068489587,0.06688115,6263.03283,7802.44007,0.245792619,0.003986395,0.004714665,93438.32097,88923.27277,-0.048321162,0.059473109,0.053732347,41871.08725,40072.82914,-0.04294749,0.026650776,0.024214214,241,253,0.049792531,0.155906226,0.154790806,36,43,0.194444444,0.023288897,0.026308319,622,631,0.014469453,0.402380384,0.386059283,147,124,-0.156462585,0.095096329,0.07586585,899.5833333,1009.916667,0.122649375,0.563793539,0.600019408,206,209,0.014563107,0.133264243,0.13098603,997,1041,0.044132397,0.644973059,0.636906044,1165,1226,0.052360515,0.753654578,0.750092997,12.6,10.6,-2,4.8,4.5,-0.3
IL,309870,295409,288939.1667,280463.25,265922.75,247593.9167,1148891,1162998.322,1142443.246,1124196.452,1124755.963,1108557.473,293385,357550.881,395044.7081,416090.7348,419947.1413,423306.3646,124146,130757,127321,129334.75,133867.5,141448.5,50389,52556,55586,54067,69897,70835,12910409,12841980,12869257,12868192,12882135,12880580,12859995,12801539,0.024001563,0.022954627,0.02245375,0.021771488,0.020645247,0.019253034,0.088989512,0.090370277,0.088780401,0.087267868,0.087321841,0.086202014,0.022724687,0.027783335,0.030699317,0.032299827,0.032603124,0.032916526,0.009615962,0.010160416,0.009894242,0.010039854,0.010392971,0.01099911,0.003902975,0.004083841,0.004319643,0.004197053,0.005426541,0.005508167,2430237.027,2295067.09,-0.055620063,0.189241614,0.178465629,554467.1917,573011.9883,0.033446157,0.043176145,0.044557715,63685.80552,62896.3537,-0.01239604,0.004959189,0.004890854,612311.8199,575027.0626,-0.060891781,0.047680484,0.044714408,302553.1131,284480.3302,-0.059734249,0.023559694,0.022121341,2720,2799,0.029044118,0.210682713,0.217303879,154,207,0.344155844,0.01192836,0.016070705,4103,4303,0.048744821,0.317805578,0.334068807,986,865,-0.122718053,0.076372484,0.067155361,8548.5,8674.25,0.014710183,0.664312438,0.677594311,2071,2369,0.14389184,0.160413198,0.184097346,9003,9643,0.071087415,0.69734429,0.748646412,8791,9242,0.051302468,0.680923432,0.717514273,14.3,13.8,-0.5,5.3,5.1,-0.2
IN,170137,167875,164280.5833,159524.5833,155323.0833,154484.5,788167,807688.9608,801375.7641,781172.4799,774692.7964,768261.6565,210886,240077.1905,256201.8458,259035.9583,260520.676,272047.2252,61253,66495.25,71208.5,79035.25,71834.5,81678,55113,55785,54466,58664,66164,64068,6423113,6490622,6516922,6537782,6570902,6596855,6619680,6633053,0.026488246,0.02575986,0.025127877,0.024277425,0.02354502,0.023337155,0.122707946,0.123937184,0.122576091,0.118883599,0.117433655,0.11605722,0.032832366,0.036839046,0.039187884,0.039421674,0.039491648,0.041096734,0.009536342,0.010203475,0.010891844,0.012028067,0.010889204,0.012338663,0.008580419,0.008560023,0.00833096,0.008927846,0.010029628,0.009678413,1463527.317,1414337.548,-0.033610421,0.225483369,0.213656483,409497.1782,449234.677,0.097039738,0.063090591,0.067863504,49592.57711,56448.59733,0.138246904,0.007640651,0.008527391,367427.6799,358408.7588,-0.024546112,0.056609009,0.054142913,180909.1709,177696.6895,-0.017757427,0.027872394,0.026843698,1041,1009,-0.030739673,0.162070946,0.152951672,140,155,0.107142857,0.021796285,0.023496045,2433,2468,0.014385532,0.378788292,0.374117667,351,345,-0.017094017,0.0546464,0.052297648,4488.75,4956.5,0.104204957,0.686586062,0.747242635,754,763,0.01193634,0.117388562,0.116706247,4294,4753,0.10689334,0.668523191,0.720494842,4303,4422,0.027655124,0.669924381,0.670319417,13,11.1,-1.9,4.5,4.3,-0.2
KS,76989,75212,74761.0833,70614.75,65698.5,62849.5833,356495,362151.744,361686.0841,348151.744,346298.3339,345398.0583,96299,102502.4571,107458.588,111453.1943,113861.9202,115826.9208,47310,48655.5,49973.25,47873.5,49258.5,49897.5,17632,20262,20026,25237,25597,28280,2818747,2859143,2871238,2885398,2893957,2904021,2911641,2907289,0.0273132,0.026194972,0.025910146,0.02440076,0.022623287,0.021585622,0.126472862,0.126130869,0.125350501,0.120303012,0.119247875,0.118626595,0.034163761,0.035699742,0.037242206,0.038512388,0.039208367,0.039780633,0.016784053,0.016945826,0.017319361,0.016542575,0.016962171,0.017137243,0.006255262,0.007056886,0.006940464,0.008720586,0.00881433,0.009712736,751916.2778,679162.526,-0.096757783,0.262986593,0.233257646,236086.9459,236076.247,-4.53E-05,0.082572626,0.081080136,18551.18481,19085.72929,0.028814574,0.006488372,0.006554973,197006.6828,177262.564,-0.100220553,0.068904103,0.060880639,97349.49492,86931.59987,-0.107015399,0.034048488,0.029856565,483,504,0.043478261,0.171352732,0.173552464,65,73,0.123076923,0.023059892,0.025137559,1016,1011,-0.00492126,0.360443843,0.348137978,191,164,-0.141361257,0.067760604,0.056473421,1686.416667,1875.666667,0.112220191,0.584465875,0.645160033,390,376,-0.035897436,0.138359349,0.130311312,1874,2001,0.067769477,0.66483441,0.689044604,2032,2103,0.034940945,0.720887685,0.724168317,14.4,14.6,0.2,5.5,5.5,0
KY,141768,141648,132698.0833,129923.3333,121681.6667,116178.9167,570755,553818.6504,549533.7409,532791.3221,529400.5753,525267.0502,238782,252110.7515,269770.9457,276997.0035,278707.4194,283064.9646,45763,46954,47689,52231.5,55599.25,56842.25,55312,39769,33091,20189,33222,33013,4314113,4347223,4369356,4379730,4395295,4413457,4425092,4436974,0.032861448,0.032418507,0.030298234,0.029559639,0.027570602,0.026254577,0.132299502,0.126750636,0.125472059,0.121218558,0.119951452,0.11870195,0.055349037,0.057699751,0.061595337,0.063021254,0.063149458,0.063968154,0.010607743,0.010746206,0.010888571,0.011883503,0.012597664,0.012845439,0.012821176,0.009101799,0.007555489,0.004593321,0.007527433,0.00746041,667690.5614,694772.2107,0.04056018,0.153590134,0.157007405,209144.215,242253.71,0.158309399,0.048109843,0.054745463,52343.76861,55184.95347,0.054279333,0.012040737,0.012470917,166679.0378,172281.5214,0.033612407,0.038341497,0.038932868,81286.08412,85681.30534,0.054071017,0.018698393,0.019362604,866,807,-0.06812933,0.200736513,0.182849861,88,96,0.090909091,0.020398168,0.021751656,2172,2127,-0.020718232,0.503463864,0.481935136,173,143,-0.173410405,0.040100943,0.032400905,4102.666667,4233.5,0.031889828,0.936739632,0.954141268,1196,1003,-0.161371237,0.277229641,0.229009551,2896,3133,0.081837017,0.671285152,0.709874368,2510,2640,0.051792829,0.581811371,0.59817055,15.6,17.6,2,6.2,7.3,1.1
LA,148747,150051,145346.1667,139856,130398.5833,128935,586936,595045.0677,588505.0941,565262.0161,554244.0369,548567.3019,243815,260996.6439,267441.5678,265627.7119,264460.7455,267794.4384,59010,63074.5,63843,64583,91941,104558.75,26640,32134,32216,40912,39824,36126,4492076,4545343,4574836,4602134,4625470,4649676,4670724,4681666,0.033113198,0.032799209,0.031582341,0.030236062,0.02804466,0.027604928,0.1306603,0.130069158,0.127876566,0.122206395,0.119200572,0.117448023,0.054276686,0.057050492,0.058112512,0.057427183,0.056877242,0.057334674,0.013136465,0.01378727,0.013872477,0.013962473,0.019773636,0.022385983,0.005930443,0.007024077,0.007000231,0.008844939,0.008564898,0.007734561,1132617.317,1060387.783,-0.063772232,0.249181925,0.227028568,440418.7274,431879.2702,-0.019389405,0.096894498,0.092465166,58088.51113,53521.23995,-0.078626067,0.012779786,0.011458874,289868.437,272593.347,-0.059596313,0.063772621,0.058362118,126999.492,119010.4977,-0.062905719,0.027940574,0.025480096,1022,983,-0.03816047,0.227511734,0.21141258,92,117,0.27173913,0.020480508,0.025163044,2511,2616,0.04181601,0.558984309,0.562619847,314,285,-0.092356688,0.069900865,0.061294593,4349.333333,4593.5,0.056138872,0.945068817,0.981167815,749,707,-0.056074766,0.166738052,0.153624384,2927,3268,0.116501537,0.651591825,0.702844671,2630,2793,0.061977186,0.585475402,0.600687016,15.7,18.4,2.7,4.8,7.7,2.9
MA,127944,119099,122567.8333,119952.4167,115110.25,113261.8333,547582,542347.3571,534456.4305,514436.4138,515505.8132,515426.3454,134914,143362.6993,149885.1732,151474.17,158633.8248,169163.8499,56230,59673.25,63770.75,66777,69977.75,75134,50586,53239,48764,46751,49027,59617,6593587,6555466,6587536,6645303,6692824,6745408,6794422,6811779,0.019404309,0.018079446,0.018444281,0.017922542,0.01706498,0.016669826,0.083047664,0.08232932,0.080426194,0.076863879,0.076423222,0.07586022,0.020461397,0.02176272,0.022555055,0.022632325,0.023517306,0.02489746,0.008527983,0.009058508,0.009596365,0.009977403,0.010374132,0.011058189,0.007672,0.008081777,0.007338115,0.006985243,0.007268204,0.008774403,1860819.662,1715211.005,-0.078249741,0.283857725,0.252443991,264980.814,268099.1298,0.011768082,0.040421354,0.03945871,40893.65375,37781.94307,-0.076092753,0.0062381,0.00556073,431116.7784,398324.217,-0.07606422,0.065764475,0.058625181,272045.9752,249819.6541,-0.081700606,0.041499106,0.036768345,1322,1415,0.070347958,0.200497847,0.209772337,38,46,0.210526316,0.005763176,0.006819454,2588,2794,0.079598145,0.392502594,0.41420771,635,614,-0.033070866,0.096305698,0.091024887,4528,4724.666667,0.043433451,0.681383528,0.693602459,1074,1071,-0.002793296,0.162885543,0.161166466,4534,5080,0.120423467,0.687637852,0.753104927,5726,6219,0.086098498,0.868419572,0.92196054,14.9,15.8,0.9,7.1,7.4,0.3
MD,146411,147421,146272,144627.5,140466.5,142841,432643,435110.7515,434140.4771,422745.655,423559.6308,434494.4264,154317,169116.385,191428.6228,211676.3754,236000.5993,264688.4814,47099,45125.5,57084.5,64499.5,73453,95690.75,50239,54981,57720,73830,65483,70273,5699478,5785681,5828289,5884868,5928814,5976407,6006401,6016447,0.025688493,0.025294044,0.024855613,0.024394002,0.023503503,0.023781462,0.075909232,0.074654972,0.073772339,0.071303579,0.070871952,0.072338565,0.027075637,0.029016472,0.032528958,0.035702988,0.039488709,0.044067734,0.008263739,0.007742495,0.009700218,0.010878989,0.012290495,0.015931462,0.008814667,0.009433472,0.009808206,0.012452743,0.010956918,0.011699685,1175439.673,1176322.16,0.000750772,0.203163581,0.19584476,173287.7057,195672.5313,0.129177228,0.029951134,0.032577334,26979.42884,27050.64102,0.002639499,0.004663138,0.004503636,281606.704,284071.5109,0.008752657,0.048673044,0.047294796,142636.7741,141414.3942,-0.008569879,0.024653411,0.023543948,1095,1232,0.125114155,0.192122858,0.206143926,42,57,0.357142857,0.007369096,0.009537503,1777,1959,0.102419809,0.311782939,0.327788921,461,408,-0.114967462,0.0808846,0.068268443,3361.75,3677.916667,0.094048239,0.571253255,0.611310407,669,905,0.352765321,0.117379171,0.153784248,4525,4896,0.08198895,0.793932357,0.819221315,3150,3460,0.098412698,0.552682193,0.578943168,13,10.7,-2.3,5.1,3.8,-1.3
ME,26663,26267,25690.0833,24380.0833,22946.5,21781.0001,107734,109301.5702,107179.312,100839.2665,99023.1332,100243.078,37150,41319.0699,44366.2951,44986.3358,46814.695,93781.7332,12288,11916.25,11089,10647.75,10533,11099.5,6926,8651,9169,10553,11756,13327,1318301,1327379,1328188,1328501,1328302,1330089,1329328,1331479,0.020225275,0.019776568,0.019337647,0.018354323,0.017251853,0.016384971,0.081721853,0.082293749,0.080676877,0.075915919,0.074448502,0.075408837,0.028180211,0.031109353,0.033395756,0.033867551,0.035196664,0.070548227,0.009321088,0.00897181,0.008347002,0.008016061,0.007919019,0.008349708,0.005253732,0.006513385,0.006901764,0.007944729,0.008838506,0.010025366,181005.012,171266.4852,-0.053802526,0.136362721,0.12883689,49629.63142,50916.3329,0.025926074,0.037389194,0.03830231,14745.89771,15603.68608,0.058171322,0.011109033,0.011738026,36744.21581,35490.88712,-0.034109551,0.027681782,0.026698367,32047.04528,30369.52838,-0.052345447,0.024143101,0.022845775,360,346,-0.038888889,0.273078758,0.260132969,17,22,0.294117647,0.012895386,0.016540247,958,890,-0.070981211,0.726692918,0.669128156,140,141,0.007142857,0.106197295,0.106007944,1435.166667,1384.166667,-0.035535942,1.080290242,1.039570783,283,286,0.010600707,0.214670246,0.215280229,884,931,0.053167421,0.670560062,0.699953161,1396,1448,0.037249284,1.05893874,1.088648955,11.4,9.7,-1.7,4.2,4.5,0.3
MI,243275,252705,255954.4167,254125.5833,251716.4167,244829.1667,911466,910341.364,907683.9267,874097.5668,860197.2911,842748.4119,282037,351513.9638,379452.2354,381515.522,388782.0928,399378.8805,83781,84934.5,82241.25,79845.75,88592.75,95673.75,59690,61539,73133,76198,82035,90980,9969727,9877143,9876187,9882519,9895622,9909877,9922576,9928300,0.02440137,0.025587304,0.025899714,0.025680607,0.025400559,0.024673952,0.091423366,0.092175388,0.091847425,0.088331746,0.086802015,0.084932422,0.02828934,0.035592073,0.038396307,0.038553971,0.039231778,0.040249516,0.00840354,0.008599928,0.008321891,0.008068795,0.008939844,0.009642027,0.005987125,0.006231048,0.007400239,0.007700173,0.008278105,0.00916899,2107829.117,2083846.252,-0.011377993,0.213404738,0.210010611,566021.5739,622053.8288,0.098993143,0.057306204,0.06269076,72031.13358,82073.27799,0.139413944,0.007292709,0.008271368,504879.375,505098.83,0.000434668,0.051115933,0.050904002,278830.122,276553.9033,-0.00816346,0.028229835,0.02787118,2116,1912,-0.096408318,0.212242522,0.192938823,208,233,0.120192308,0.020863159,0.023511896,4327,4177,-0.03466605,0.43401389,0.421498672,891,873,-0.02020202,0.089370551,0.088093929,9172.25,9226.916667,0.005960006,0.928128749,0.929355143,2050,2077,0.013170732,0.205622481,0.210169087,6283,6656,0.059366545,0.630207828,0.67165314,6823,7008,0.027114173,0.684371799,0.707173258,13.4,14.9,1.5,5.3,6.4,1.1
MN,141598,131255,128435.9167,124744.5,121755.0833,119402.75,615043,631230.2529,627404.5307,608866.7146,610326.741,613739.9017,142628,169938.8709,179212.034,181890.8067,190638.6192,214810.4998,93422,95482.25,94046.25,90492.25,89161,93577.75,54569,39269,45958,45966,50238,52801,5266214,5310658,5344861,5379646,5420380,5457173,5489594,5519952,0.026888007,0.024557234,0.023874418,0.023013977,0.022311018,0.021750743,0.116790355,0.118100406,0.116625616,0.112329157,0.111839361,0.1118006,0.027083594,0.031794816,0.033312979,0.033556837,0.034933585,0.039130489,0.017739879,0.017864309,0.017481866,0.016694817,0.016338313,0.017046388,0.010362093,0.007347057,0.008542941,0.008480217,0.009205865,0.00961838,1444636.678,1309333.708,-0.093658822,0.272025929,0.238511939,311065.6528,298128.9802,-0.041588239,0.058573844,0.05430802,38482.71391,39072.27734,0.015320214,0.007246317,0.007117517,360748.4022,326590.7044,-0.094685652,0.067929135,0.059492688,184040.0526,167300.9135,-0.090953783,0.034654849,0.030476009,936,964,0.02991453,0.177736795,0.176648239,80,105,0.3125,0.015191179,0.019240731,2062,2026,-0.017458778,0.391552641,0.371254494,440,464,0.054545455,0.083551485,0.085025708,2946.083333,3192.25,0.083557265,0.547635167,0.578311188,1160,1196,0.031034483,0.220272097,0.222319461,3258,3419,0.04941682,0.618660768,0.626514864,3568,3750,0.051008969,0.677526587,0.687168979,10.6,9.9,-0.7,4.8,3.8,-1
MO,150145,145767,145899.8333,140820.75,138656.75,134780.3333,645262,646160.8534,638942.9462,610369.7711,604483.7588,603698.4298,235682,242192.3768,257270.8858,263351.5522,271368.5725,280756.922,62896,67779.25,68460.5,67817,65766.5,66864.75,34698,33520,27147,27008,39540,40411,5987580,5995715,6010688,6024522,6044171,6063589,6083672,6093000,0.025076074,0.0242513,0.024217661,0.023298605,0.022867109,0.022154438,0.107766744,0.107501979,0.106057036,0.100984861,0.099690754,0.099232574,0.039361812,0.04029362,0.04270395,0.043571162,0.044753787,0.046149254,0.010504411,0.011276455,0.01136364,0.011220232,0.010846134,0.010990854,0.005794996,0.005576733,0.004506084,0.004468437,0.006520891,0.006642534,1330163.668,1321341.978,-0.006632033,0.221852384,0.217194809,372038.6847,409163.386,0.099787207,0.062050762,0.06725599,47983.23183,52272.53302,0.089391669,0.008002921,0.008592267,330123.4657,328833.7942,-0.003906634,0.0550599,0.054051861,173452.644,172324.266,-0.006505395,0.028929434,0.0283257,1095,1064,-0.028310502,0.182878559,0.175473635,110,138,0.254545455,0.018371362,0.022758798,2762,2701,-0.022085445,0.4612882,0.445445758,332,299,-0.09939759,0.055448111,0.04931073,4223.5,4632.75,0.096898307,0.701051469,0.760339734,721,697,-0.033287101,0.120415928,0.115693826,3964,4041,0.019424823,0.662037083,0.66643699,4399,4569,0.038645147,0.73468747,0.753514132,20.9,20.8,-0.1,6.9,7.9,1
MS,111478,97277,94772.75,91651.5,87972.5833,89449.1667,405716,400490.471,398653.7217,391574.134,389497.0634,384627.592,199880,203824.7633,207859.0435,207305.0461,206865.3961,203930.7204,38121,41349.5,41387.25,41517.25,41950.75,43351.5,22745,27456,28027,26916,34215,36528,2951996,2970072,2978512,2986450,2991207,2994079,2992333,2988726,0.037763601,0.032659596,0.03173425,0.030640307,0.029382185,0.029892785,0.137437856,0.134459915,0.133487492,0.130908404,0.130089107,0.128537697,0.067710119,0.068431742,0.069600711,0.069304814,0.069091496,0.068151078,0.012913635,0.013882603,0.013858344,0.013879765,0.014011237,0.014487525,0.007704956,0.009218026,0.009384721,0.008998374,0.011427554,0.012207198,658836.9378,659542.3216,0.00107065,0.221825241,0.220410737,292297.6486,316296.2288,0.082103227,0.098414331,0.105702216,42038.866,44371.63158,0.055490688,0.014154157,0.01482844,168609.4131,168498.2635,-0.000659213,0.05676947,0.056309997,81606.55317,80846.87037,-0.009309091,0.027476288,0.027018006,510,474,-0.070588235,0.172764462,0.158312456,64,69,0.078125,0.021680246,0.023045484,1984,2041,0.028729839,0.672087632,0.68167874,115,95,-0.173913043,0.038956692,0.03172929,3007.333333,3290.416667,0.094131013,1.006992695,1.100942899,11,7,-0.363636364,0.003726292,0.00234392,1895,2112,0.114511873,0.641938539,0.705392209,1559,1690,0.084028223,0.528117247,0.564447364,16.7,15.2,-1.5,7.6,6.7,-0.9
MT,20673,20164,20457.4167,19848.4167,19227.1667,18475.5833,86652,87622.0784,86704.7825,84069.2796,83247.9923,81871.7488,25594,27569.2197,28133.8847,28155.3398,28944.1448,31311.0392,13741,15055.75,13511,13373.25,13246,13787.75,6711,7034,6663,7615,9232,9037,974989,990958,998199,1005494,1015165,1023579,1032949,1042520,0.021203316,0.020200381,0.020345638,0.019551912,0.018784253,0.017886249,0.088874849,0.08778017,0.086231029,0.082813414,0.081330305,0.079260204,0.026250553,0.027618961,0.027980162,0.027734742,0.028277392,0.03031228,0.014093492,0.015082914,0.013437176,0.013173474,0.012940867,0.013347948,0.006883155,0.007046691,0.006626593,0.007501244,0.009019333,0.008748738,258991.208,232301.4879,-0.103052611,0.261354374,0.224891537,88724.78829,81930.90727,-0.076572524,0.089534358,0.079317476,6971.946327,6551.974917,-0.060237327,0.007035562,0.00634298,60345.53948,54930.77777,-0.089729278,0.060896163,0.053178596,40394.84749,35874.35662,-0.111907611,0.04076343,0.034730037,248,251,0.012096774,0.254361844,0.245218005,16,19,0.1875,0.016410442,0.018562319,458,415,-0.093886463,0.469748889,0.405440127,86,82,-0.046511628,0.088206123,0.080111061,686.25,714.0833333,0.040558591,0.682500343,0.684958882,221,201,-0.090497738,0.226669224,0.19990174,720,703,-0.023611111,0.73846987,0.686805806,1011,1078,0.066271019,1.036934776,1.053167367,14.1,12.2,-1.9,5.6,5.6,0
NC,275039,266478,269334.6666,264754.8333,255671.75,248859.75,961612,948653.482,942745.4153,906460.386,889937.3127,903945.9427,367089,382095.4093,405295.2175,419976.1477,432595.2295,455912.3816,127404,120112.5,116996,115084,119813.5,124403.75,53067,74559,92476,98255,109853,63123,9380884,9560234,9656401,9748364,9848060,9943964,10042802,10146788,0.029319092,0.027595996,0.027628704,0.026883958,0.025711251,0.024779912,0.10250761,0.098240896,0.096708065,0.092044564,0.089495227,0.090009336,0.0391316,0.039569132,0.041575716,0.042645572,0.043503298,0.04539693,0.013581236,0.01243864,0.012001604,0.011685956,0.012048867,0.012387355,0.00565693,0.0077212,0.00948631,0.009977092,0.011047204,0.006285397,1851518.235,1759416.303,-0.049744005,0.193668715,0.175191774,622382.1063,642652.345,0.032568801,0.065101137,0.063991339,104728.0359,104385.6138,-0.003269632,0.010954547,0.010394073,458553.9305,431480.9353,-0.059039937,0.047964718,0.042964198,226360.2059,216332.4978,-0.044299783,0.023677266,0.02154105,1785,1862,0.043137255,0.190280575,0.18724927,156,185,0.185897436,0.016629563,0.018604251,4899,4832,-0.01367626,0.522232233,0.485922918,514,484,-0.058365759,0.054792278,0.048672743,7836.666667,8974.75,0.145225436,0.803895573,0.884491723,1849,1929,0.043266631,0.19710296,0.197879357,6630,7355,0.109351433,0.706756421,0.739644673,7004,7298,0.041976014,0.746624732,0.733912552,16.6,14.2,-2.4,6.7,5.6,-1.1
ND,14573,14068,13661.4167,13273.4167,12814.0833,12414.9167,80924,83483.7588,85078.1493,87065.2044,89194.4145,90355.0282,20233,21953.9734,23291.7416,23805.1061,23946.7817,24947.7406,16511,16612,16240,16817.5,16921.25,17744.25,2122,2659,2184,2454,2497,3997,646844,674629,683932,701345,723393,739482,756927,757952,0.022529389,0.020569296,0.019478882,0.018348832,0.017328459,0.016401736,0.125105899,0.122064414,0.12130713,0.120356714,0.120617425,0.119370862,0.031279567,0.032099644,0.033210106,0.03290757,0.032383184,0.032959243,0.025525474,0.024288964,0.023155508,0.023248082,0.022882572,0.023442485,0.003280544,0.003887813,0.003114017,0.003392347,0.003376688,0.005280562,206150.1564,175932.8516,-0.146579102,0.305575593,0.232430408,60359.89529,47322.1292,-0.216000476,0.089471243,0.062518749,3944.303844,3350.604979,-0.15052057,0.005846627,0.004426589,47390.41417,40367.77136,-0.14818699,0.070246631,0.053331129,33027.44052,27855.97221,-0.156580959,0.048956449,0.036801399,178,175,-0.016853933,0.27518227,0.236652143,14,16,0.142857143,0.021643549,0.021636767,319,344,0.078369906,0.49316373,0.465190498,58,54,-0.068965517,0.089666133,0.07302409,426.25,430.6666667,0.010361681,0.607760802,0.56819781,204,191,-0.06372549,0.315377433,0.272333873,382,456,0.193717277,0.590559702,0.61664787,546,560,0.025641026,0.844098422,0.757286858,13.2,14.1,0.9,5,4.9,-0.1
NE,45585,43563,42726.9167,40151.25,39211.0833,37600.8334,243466,250190.3392,251186.0242,243119.861,242273.1631,241037.037,58000,63594.3905,66640.6568,66556.2747,68913.2207,70327.2204,41074,43891.5,44632.5,45304.5,45392,44737,8333,10565,9836,9879,9635,12177,1796619,1830141,1842641,1855350,1868516,1881503,1896190,1907116,0.025372658,0.02364161,0.023029033,0.021488309,0.020840298,0.019829676,0.135513428,0.135778125,0.135384711,0.130113877,0.12876576,0.1271165,0.03228286,0.034512632,0.035918105,0.035619858,0.036626687,0.037088699,0.022861831,0.023819887,0.024056108,0.024246247,0.024125393,0.0235931,0.004638156,0.005733618,0.005301426,0.005287083,0.005120906,0.006421825,421318.3575,343341.5208,-0.185078185,0.230210873,0.181069155,119055.4108,103099.2436,-0.134023033,0.065052589,0.05437179,8838.410699,7993.204214,-0.095628786,0.004829361,0.004215403,107940.6228,86629.91957,-0.197429871,0.058979403,0.045686308,63934.68683,52282.15865,-0.182256749,0.034934296,0.027572215,430,429,-0.002325581,0.239338446,0.228009203,39,44,0.128205128,0.02170744,0.023385559,820,819,-0.001219512,0.456412851,0.435290297,137,119,-0.131386861,0.076254342,0.063247308,969.4166667,1136.5,0.172354509,0.522498001,0.595925995,440,419,-0.047727273,0.244904457,0.225833401,1228,1346,0.096091205,0.683506074,0.715385519,1325,1450,0.094339623,0.737496375,0.770660477,17,15.9,-1.1,5.5,6.2,0.7
NH,18362,17048,16299.3333,15679.0833,14735.9167,14704.5,110811,107790.3632,104545.9667,97395.7809,91812.058,88737.1449,22006,24511.3269,24251.4683,22496.9435,22111.7104,20577.0107,7092,9147.5,7979,8689.25,9271.5,9103.75,4418,5321,4948,14659,16434,15304,1324575,1316807,1318194,1321617,1323459,1326813,1330608,1334795,0.01386256,0.012932846,0.012332872,0.011847049,0.01110625,0.011050963,0.083657777,0.081771244,0.079104587,0.073591838,0.069197436,0.066689171,0.016613631,0.018594628,0.018349846,0.016998595,0.01666528,0.015464367,0.00535417,0.006939419,0.006037301,0.00656556,0.006987797,0.006841797,0.003335409,0.004036583,0.003743899,0.011076278,0.012386071,0.011501509,335279.3908,342734.1774,0.022234551,0.254615438,0.257577121,55080.60433,65433.88689,0.187966031,0.041828912,0.049175931,11479.04125,11755.25802,0.024062704,0.00871733,0.008834501,76147.35619,77399.52716,0.01644405,0.057827272,0.058168542,44776.0575,45645.98747,0.019428463,0.034003508,0.034304609,259,246,-0.05019305,0.195534417,0.185406685,22,25,0.136363636,0.016609101,0.018842143,737,701,-0.048846676,0.556404885,0.528333684,128,117,-0.0859375,0.09663477,0.088181228,945.4166667,977.6666667,0.034111944,0.715348446,0.732447055,258,223,-0.135658915,0.194779458,0.168732696,1039,1017,-0.021174206,0.784402544,0.766498369,1212,1298,0.070957096,0.915010475,0.978284054,13.4,14.8,1.4,5,5.6,0.6
NJ,169078,168467,172333.0833,167872.5,163049.1667,161664.4167,705558,727544.0489,729252.4272,694174.997,688976.8668,695655.2799,172440,189691.8375,218062.4476,242577.8497,273403.452,302616.6846,73884,74034,75913.25,79690.25,79311.75,83352,50078,51279,52652,59505,53096,48516,8707739,8799593,8821155,8867749,8899339,8938175,8958013,8944469,0.019416981,0.019098066,0.01943369,0.01886348,0.018241886,0.018046906,0.081026544,0.082477187,0.082236476,0.078002984,0.077082499,0.07765732,0.019803074,0.021504195,0.024590507,0.027257963,0.030588286,0.033781675,0.008484866,0.008392778,0.0085606,0.008954626,0.008873372,0.009304742,0.005750976,0.005813184,0.005937471,0.006686452,0.005940363,0.005415933,2210129.619,1990449.22,-0.099397066,0.251162709,0.222197626,321812.4484,320504.5611,-0.004064129,0.036571288,0.035778533,51902.44025,47206.85021,-0.090469543,0.005898277,0.00526979,520894.6853,466858.2376,-0.10373776,0.059195316,0.052116271,330940.8338,300140.1727,-0.093069993,0.037608652,0.033505217,2486,2644,0.063555913,0.285493169,0.295809827,51,70,0.37254902,0.005856859,0.007831576,2128,2301,0.081296992,0.244380315,0.257435103,1182,1152,-0.025380711,0.135741322,0.128885371,5726.75,5681.25,-0.00794517,0.645795229,0.635169064,815,859,0.05398773,0.093594904,0.096867875,6375,6655,0.043921569,0.732107382,0.744559152,6253,7398,0.183112106,0.718096856,0.827685741,9.9,10.1,0.2,4.3,4.3,0
NM,70159,64304,63843.6666,61352,58313.4166,55234.0001,221822,230861.3209,227862.5195,220186.9831,215567.0622,216777.6579,129912,138834.5919,150553.5179,148155.2199,149228.6947,149737.2648,40352,37587,36629.75,36381.5,34555.5,35608,43343,35014,38463,22386,29302,29383,2009671,2065913,2082224,2083540,2085287,2085572,2085109,2081015,0.034910689,0.030882364,0.03064192,0.02942137,0.027960395,0.026489742,0.110377271,0.110872471,0.109363161,0.105590733,0.103361122,0.103964665,0.064643417,0.066676108,0.072258521,0.07104788,0.071552886,0.07181268,0.020078908,0.018051372,0.017580536,0.017446759,0.016568836,0.017077285,0.021567212,0.016815674,0.018460409,0.010735213,0.014049863,0.014091829,665405.4493,651576.7646,-0.020782344,0.322087837,0.312490505,271207.728,289225.3889,0.06643491,0.13127742,0.138709961,16065.78099,16738.39062,0.041865977,0.007776601,0.008027585,175588.0546,172256.5479,-0.018973425,0.084992957,0.08261273,87140.19169,84476.85911,-0.030563768,0.042179991,0.040514361,259,249,-0.038610039,0.128876816,0.119391706,42,45,0.071428571,0.020898943,0.021576814,792,818,0.032828283,0.394094357,0.392218538,134,102,-0.23880597,0.066677581,0.048907446,1328.166667,1462.333333,0.101016439,0.637456764,0.702701967,275,255,-0.072727273,0.136838318,0.122387859,1324,1449,0.094410876,0.658814303,0.694773424,1343,1288,-0.04095309,0.668268587,0.617576377,12.1,11.1,-1,4.6,4.7,0.1
NV,67829,75676,76108.25,75011.25,74262,73143.5834,183808,212555.3158,218552.3193,215820.8079,212395.1816,216351.4323,55873,63732.4703,87212.6333,92738.4634,90757.5213,93916.5768,10253,12302.25,13841.5,14491.75,13544,16423.25,5630,7094,6865,9716,12322,11966,2643085,2704283,2723322,2754354,2790136,2839099,2890845,2940058,0.025662814,0.027788121,0.027631978,0.026884442,0.02615689,0.0253018,0.069542977,0.078050012,0.079347941,0.077351358,0.07481077,0.074840205,0.021139313,0.023402473,0.031663553,0.033237972,0.031967015,0.032487586,0.003879179,0.004517369,0.005025316,0.005193922,0.004770528,0.005681124,0.002130087,0.002604907,0.002492417,0.003482268,0.004340109,0.004139274,366266.8789,412581.3123,0.126449963,0.135439552,0.14271997,95123.03409,144748.964,0.521702555,0.035174955,0.050071506,8119.569917,10156.61667,0.250881115,0.003002485,0.003513373,87624.45589,98908.17322,0.128773608,0.032402103,0.034214278,49507.74812,52610.7023,0.062676132,0.018307162,0.018199074,391,344,-0.120204604,0.147933192,0.121165201,42,44,0.047619048,0.015890522,0.015497875,928,998,0.075431034,0.351104864,0.351519972,149,137,-0.080536913,0.056373518,0.048254746,1585.166667,1721.916667,0.086268531,0.575513048,0.585674387,256,226,-0.1171875,0.096856514,0.082051908,2110,2250,0.066350711,0.798309551,0.792504946,1650,1843,0.116969697,0.624270502,0.649149607,8.7,8.5,-0.2,3.4,2.9,-0.5
NY,518961,512603,524148.0833,513298.6667,485824.5,471868.5834,1812488,1823475.968,1796235.047,1723748.052,1697756.922,1698510.728,573011,614752.4871,644136.1621,641178.2333,660111.5906,673331.5354,281586,294206.75,297400.25,295653,311604,325426.5,436620,378655,369027,393066,460352,438929,19541453,19395206,19465197,19576125,19651127,19746227,19795791,19745289,0.02655693,0.026334334,0.026774864,0.026120571,0.024603409,0.023836814,0.092750933,0.093678783,0.091756415,0.087717516,0.085978801,0.085801609,0.029322845,0.031582135,0.032904171,0.032628064,0.033429758,0.034013874,0.014409676,0.015114502,0.015191988,0.015045091,0.015780432,0.016439176,0.022343272,0.019452924,0.018850871,0.020002212,0.023313416,0.022172845,2434772.798,2157894.985,-0.113718132,0.125534774,0.109007768,481881.202,443538.9059,-0.079567943,0.024845377,0.022405718,95180.30542,87894.0644,-0.076551982,0.004907414,0.004440038,550630.751,486841.5883,-0.11584744,0.028390044,0.024593187,351440.9919,311129.2941,-0.114704029,0.018119993,0.015716942,8792,10323,0.174135578,0.449915367,0.522783416,115,147,0.27826087,0.005884926,0.00744446,5052,5801,0.148258116,0.258527347,0.293777642,3175,3008,-0.052598425,0.162475124,0.152332899,17332.5,16633.66667,-0.040319246,0.885389729,0.842411912,4853,4778,-0.015454358,0.248343867,0.244072818,14329,16721,0.166934189,0.733261749,0.846794681,17752,19658,0.107368184,0.908427843,0.995531957,15.2,14.4,-0.8,5.9,5.7,-0.2
OH,303679,281306,275627.3333,263683.4167,250370,244200.6667,1120056,1133771.785,1114370.85,1063938.751,1051279.156,1035550.521,363399,396715.2104,418371.3293,422862.1599,428384.0345,441117.224,123817,124776,124904.75,122550.75,118292,115520,65014,61001,64450,60307,51126,50719,11542645,11537968,11544951,11553031,11570808,11594163,11613423,11614373,0.026309308,0.024366149,0.023857578,0.022788678,0.021594487,0.02102745,0.097036338,0.098204989,0.096457012,0.091950255,0.090673139,0.089168415,0.031483165,0.034362659,0.036213123,0.036545603,0.03694825,0.037983394,0.010726917,0.010807841,0.010811427,0.010591374,0.01020272,0.00994711,0.005632505,0.005283782,0.005578623,0.005211996,0.004409633,0.004367274,2598512.334,2636742.078,0.014712165,0.225214035,0.227042628,681167.855,781758.7267,0.147674132,0.059037073,0.0673151,97746.67628,109577.2998,0.121033512,0.008471741,0.009435401,631296.9915,643548.4921,0.019406873,0.054714746,0.055414195,367063.2206,368336.9669,0.003470101,0.031813507,0.031716486,2099,2039,-0.02858504,0.181847402,0.175864355,209,224,0.071770335,0.018106768,0.019320066,4638,4639,0.00021561,0.401814316,0.400115127,785,701,-0.107006369,0.068008676,0.060461458,8305.416667,9053.666667,0.090091808,0.718895039,0.779522637,1459,1757,0.204249486,0.126400838,0.152081302,8638,9094,0.052789998,0.748355338,0.784360199,7061,7420,0.050842657,0.61173154,0.639977202,16.1,16.1,0,7.1,6.6,-0.5
OK,130064,126944,123069.8332,118552.3334,114489.8334,112892.1666,437660,452425.9859,446144.1927,437992.0892,439385.8324,440455.1121,208249,224431.2597,227416.7566,227754.4048,226575.5723,225681.4096,57028,56667.25,54327.25,53632.25,52954,53308.5,12826,10628,11390,11315,16850,16793,3687050,3760184,3791508,3815780,3850568,3878051,3911338,3923561,0.035275898,0.033481137,0.032252864,0.030788272,0.029522519,0.0288628,0.118701943,0.119326132,0.116920837,0.113747398,0.113300684,0.112609831,0.056481198,0.059193139,0.059599022,0.059148262,0.058425114,0.057699286,0.015467108,0.014945834,0.014237522,0.0139284,0.013654797,0.013629224,0.003478662,0.002803106,0.002984973,0.002938528,0.004344966,0.004293416,916213.2209,836908.4932,-0.086557065,0.243661805,0.213969873,335906.2872,323295.0593,-0.037543887,0.089332407,0.082655874,32026.28152,31625.93331,-0.012500615,0.008517211,0.008085707,229640.1057,210041.7038,-0.085343985,0.061071508,0.053700729,122664.2851,114415.5391,-0.067246518,0.032621884,0.029252276,620,618,-0.003225806,0.168156114,0.159358399,79,98,0.240506329,0.021426344,0.025270426,1753,1822,0.039361095,0.475447851,0.46982363,151,152,0.006622517,0.04095415,0.039194946,3159.25,3331.916667,0.054654322,0.827943435,0.849207306,549,484,-0.118397086,0.148899527,0.126841694,2494,2764,0.108259824,0.676421529,0.712729152,2447,2510,0.025745811,0.663674211,0.647232334,15.3,15.5,0.2,6.6,6.4,-0.2
OR,113248,111534,111647.8333,107858.75,103226.75,98303.6667,310817,312828.2392,307110.1522,293386.6715,288241.8794,294408.3663,138831,139961.8842,142434.7357,139697.2312,139399.976,142013.0648,40901,45794.75,46211.25,44569.5,46407.25,48025.5,36567,42278,40815,38653,41368,39454,3825657,3838332,3871859,3899801,3930065,3970239,4028977,4093465,0.029602236,0.028806318,0.02862911,0.027444521,0.026000135,0.024399163,0.081245391,0.080795359,0.078750211,0.074651862,0.072600637,0.073072734,0.036289453,0.036148497,0.036523591,0.035545781,0.03511123,0.035247921,0.010691236,0.011827587,0.011849643,0.011340652,0.01168878,0.011920023,0.009558358,0.010919303,0.010465919,0.009835206,0.010419524,0.00979256,651644.21,618406.0286,-0.05100664,0.169772758,0.15348959,195215.2314,206231.5295,0.05643155,0.050859392,0.05118707,18488.40596,18991.44404,0.027208299,0.004816781,0.004713714,157354.6288,149874.9524,-0.047533882,0.040995575,0.037199257,94333.95132,89410.41524,-0.05219262,0.024576809,0.022191841,713,773,0.084151473,0.186373216,0.194698606,137,150,0.094890511,0.035810842,0.037781101,1381,1458,0.055756698,0.360983747,0.3672323,360,364,0.011111111,0.094101484,0.091682138,3074.083333,3156.583333,0.026837269,0.788266718,0.771127476,620,651,0.05,0.162063666,0.166931595,2757,2767,0.003627131,0.72066053,0.696935373,3722,4106,0.103170339,0.972904785,1.034194667,13.6,16.1,2.5,5.8,6.6,0.8
PA,260879,257911,253010.75,253258.0833,248761,245979.4167,1150819,1153644.732,1127529.905,1066255.184,1040669.783,1035113.149,291249,329568.98,343326.3814,345081.6253,346562.5075,355213.5922,123430,140822.25,163791.25,135341.5,135628.75,145068.75,100190,97422,103651,96893,75324,78961,12604767,12717722,12742886,12764475,12773801,12787209,12802503,12784227,0.020696852,0.020239607,0.019821477,0.019826368,0.019453893,0.019213385,0.091300299,0.090532453,0.088333434,0.083472037,0.081383653,0.080852404,0.023106258,0.025862978,0.026897023,0.027014796,0.027102279,0.027745636,0.009792327,0.011051048,0.012831805,0.010595241,0.010606595,0.01133128,0.00794858,0.007645207,0.008120271,0.007585291,0.005890574,0.006167622,2647804.384,2526791.889,-0.045702959,0.208198008,0.197367022,568275.2032,581113.2049,0.02259117,0.044683726,0.045390593,110767.4728,113308.5136,0.022940315,0.008709694,0.008850497,602069.2047,570378.0331,-0.052637091,0.047340963,0.044552072,414581.6377,393512.1856,-0.050820997,0.032598734,0.030737129,2509,2673,0.065364687,0.199051676,0.209037015,129,155,0.201550388,0.010234223,0.012121488,4062,4246,0.045297883,0.322259031,0.332050567,1244,1135,-0.087620579,0.09869282,0.088760573,9465.333333,9685.083333,0.023216298,0.741537222,0.757580676,1804,2120,0.175166297,0.143120456,0.166085953,8207,8910,0.085658584,0.651102872,0.69679005,8904,9353,0.050426774,0.706399412,0.731434045,12.3,12.4,0.1,4.8,4.8,0
RI,25676,24501,24261.1667,23415.8333,22138.75,20728.0833,79017,79005.8732,79746.9735,77352.5111,76867.4338,76254.1052,23418,27663.9099,32981.4215,32530.6245,32832.3145,32379.2401,9366,9453,9371.5,9191.75,9515.25,9892.75,6785,6820,8221,8188,9612,10705,1053209,1052528,1051302,1050304,1051511,1055173,1056298,1056426,0.024378827,0.023305387,0.023099185,0.022268748,0.020981157,0.019623329,0.075024995,0.075150502,0.075927516,0.073563197,0.072848181,0.072189955,0.022234903,0.026313952,0.031401786,0.030937027,0.031115575,0.030653509,0.008892822,0.008991707,0.008922655,0.008741468,0.009017716,0.009365492,0.006442216,0.006487194,0.007827258,0.00778689,0.009109407,0.010134451,275159.6652,234833.2965,-0.14655625,0.261427406,0.222317278,60179.09615,49660.73365,-0.174784322,0.057175767,0.047013943,8390.900101,6373.008331,-0.240485734,0.00797214,0.006033343,55383.25405,46903.88444,-0.153103492,0.052619269,0.044404027,42738.60007,36699.34848,-0.141306725,0.040605666,0.034743366,196,223,0.137755102,0.186097916,0.211339752,6,8,0.333333333,0.005696875,0.007581695,380,369,-0.028947368,0.360802082,0.349705688,97,101,0.041237113,0.092099479,0.095718901,922.8333333,903.25,-0.021220878,0.878634503,0.855005462,196,245,0.25,0.186097916,0.233265797,794,821,0.034005038,0.753886456,0.778071463,1060,1113,0.05,1.006447913,1.054803336,15.4,11.8,-3.6,5.5,5,-0.5
SC,134753,130647,130524.9167,124287.1667,113179.4167,114561.5833,500742,497669.3036,492877.7418,478053.5778,474023.253,483026.1297,249443,261877.0226,272397.9384,273442.8862,270324.9431,266238.4035,33541,33507.25,33468.5,35513.5,36368.75,39205,55205,45229,56178,56172,71257,66560,4561242,4637106,4679230,4723417,4774839,4832482,4896146,4961119,0.02954305,0.027920619,0.027633579,0.026029604,0.023420556,0.023398318,0.109781941,0.106357094,0.104347709,0.100119308,0.098091054,0.098654356,0.054687517,0.055965837,0.057669678,0.057267457,0.055939152,0.054377137,0.00735348,0.007160847,0.007085654,0.007437633,0.007525895,0.008007318,0.012103063,0.009665907,0.011893508,0.011764166,0.014745425,0.013594366,1028913.469,1054356.731,0.024728281,0.221886985,0.215344218,360395.6989,422111.0035,0.171243177,0.077719961,0.086212912,61066.92279,63961.85779,0.047405942,0.013169188,0.013063715,248365.3231,254040.1279,0.022848619,0.053560415,0.051885734,134490.0174,135266.1097,0.005770631,0.029003007,0.027627058,862,855,-0.00812065,0.188983615,0.176927715,78,99,0.269230769,0.017100605,0.020486367,2624,2815,0.072789634,0.575281908,0.582516396,251,241,-0.039840637,0.055028872,0.049870853,4622.833333,5004.916667,0.082651332,0.978705317,1.008828183,714,704,-0.014005602,0.156536312,0.149044643,3303,3411,0.032697548,0.724144871,0.705848465,3511,3897,0.109940188,0.769746486,0.806417903,15.4,13.2,-2.2,5.2,4.6,-0.6
SD,22962,22583,22153.25,20430,19573.1667,19474.0001,106266,108288.9848,107366.6547,106251.9477,107748.8913,107331.7751,25475,27253.1463,27502.6969,28026.1297,28419.6332,28962.3637,13428,14807,14750.75,14372.25,14106.75,17892,4459,4550,5518,6060,5891,5891,812383,816598,824082,834047,844877,853175,858469,865454,0.028264993,0.027403826,0.026561153,0.024181035,0.022941561,0.02268457,0.130807759,0.131405594,0.128729741,0.125760256,0.126291665,0.125026967,0.031358362,0.033070916,0.032974996,0.033171846,0.033310438,0.033737227,0.016529149,0.017967872,0.017685754,0.017011056,0.016534416,0.020841754,0.00548879,0.005521295,0.006615934,0.007172642,0.006904797,0.006862216,259375.2707,247263.9381,-0.046694246,0.317629079,0.288028966,86909.83049,85872.23846,-0.011938719,0.106429149,0.100029516,6931.62023,6602.800814,-0.047437598,0.008488412,0.007691368,65983.28685,64643.37753,-0.020306799,0.080802655,0.075300771,40135.0656,35459.97078,-0.116484046,0.049149111,0.041306059,205,190,-0.073170732,0.25234403,0.222697571,14,16,0.142857143,0.017233251,0.01875348,536,507,-0.054104478,0.659787317,0.594250886,76,71,-0.065789474,0.093551933,0.083218566,635.1666667,666.6666667,0.049593283,0.76154781,0.770308609,223,215,-0.035874439,0.274501067,0.257779238,498,521,0.046184739,0.613011351,0.610660181,692,707,0.021676301,0.851814969,0.828669382,12.9,11.5,-1.4,4.9,4.5,-0.4
TN,174832,161578,162774.9167,159426,153741.8333,150115.75,692008,697664.629,687451.9957,656847.1773,649935.1552,676702.8647,280464,310062.8071,333402.7328,350108.4742,361069.6392,376865.7557,60067,65109.75,68257.5,70148,68795,73976.5,28843,28574,32434,41923,48636,47959,6296254,6357436,6403353,6454914,6495978,6549352,6600299,6651194,0.027767622,0.025233343,0.025217209,0.024542263,0.023474358,0.02274378,0.109907891,0.108953017,0.106500566,0.101115979,0.099236559,0.102526092,0.044544582,0.048421945,0.051650995,0.053896191,0.05513059,0.057098285,0.009540117,0.010168071,0.010574502,0.010798682,0.010504093,0.011208053,0.004580978,0.00446235,0.005024699,0.006453686,0.007426078,0.007266186,1461214.137,1492077.638,0.021121819,0.229843311,0.226062128,480355.064,536899.6765,0.117714201,0.075557987,0.081344751,62566.52467,66116.49112,0.05673907,0.009841471,0.010017196,357041.5168,366262.3805,0.025825746,0.056161244,0.055491786,182270.6307,191195.6556,0.048965787,0.028670463,0.028967726,1161,1087,-0.063738157,0.184395356,0.165970618,128,135,0.0546875,0.020329548,0.020612726,3435,3487,0.015138282,0.545562488,0.532419085,258,256,-0.007751938,0.040976746,0.039087836,6007.25,6510,0.083690541,0.930647566,0.978771631,1017,951,-0.064896755,0.161524614,0.147329616,4405,4645,0.054483541,0.699622347,0.70923047,4052,4328,0.068114511,0.643557264,0.660828735,16.2,15.1,-1.1,6.9,6,-0.9
TX,992454,993498,969893.0833,955072.25,916461.1667,886409.1667,3254249,3401745.535,3374153.902,3314594.151,3322511.926,3379274.482,1528878,1744587.439,1786413.64,1818710.296,1864868.992,1902635.982,303520,307976,351921.5,369514.5,410908.25,474922.75,183501,173243,176587,180355,181174,139673,24782302,25253466,25674681,26060796,26448193,26956958,27469114,27862596,0.040046885,0.038695632,0.037216556,0.036111059,0.033997203,0.032269303,0.131313427,0.132494169,0.129472404,0.125324031,0.12325248,0.123020877,0.061692332,0.067949722,0.068547931,0.068765012,0.069179504,0.069264556,0.01224745,0.011995319,0.013503866,0.013971257,0.015243124,0.017289336,0.007404518,0.00674762,0.006775963,0.00681918,0.006720862,0.005084729,6410726.065,5726929.741,-0.106664412,0.253855295,0.208486147,2339034.422,2180417.407,-0.067813031,0.092622313,0.079377056,163793.1952,149187.3541,-0.089172453,0.006485969,0.005431095,1773680.706,1572102.954,-0.113649402,0.070235139,0.057231659,649047.6233,584676.881,-0.099177225,0.025701328,0.021284883,3342,3462,0.035906643,0.1348543,0.128426954,425,509,0.197647059,0.017149335,0.018881952,11700,12599,0.076837607,0.472111106,0.467374694,1255,1215,-0.03187251,0.050640978,0.045071851,16617.66667,18281.16667,0.100104307,0.637650004,0.656118571,2268,2274,0.002645503,0.091516922,0.087257504,16652,18804,0.129233726,0.671931122,0.697556453,14981,16854,0.125025032,0.604503972,0.625218914,18.4,15.4,-3,6.2,6,-0.2
UT,72535,73049,69641,66725.8333,61259.4167,58994.9167,337710,350493.7073,348886.0122,331692.7964,329700.7072,334253.0265,66483,73493.947,74579.5278,74309.6009,75078.3891,76546.2064,28063,31285.25,31559.5,32788,33196.25,34851.75,16822,14777,13670,13186,11015,6803,2784572,2775479,2817222,2854871,2900872,2942902,2995919,3051217,0.026048887,0.025929444,0.024393747,0.023001992,0.020815989,0.01969176,0.121278961,0.124411107,0.122207277,0.114342445,0.112032513,0.111569447,0.023875482,0.026087382,0.026123607,0.025616298,0.025511685,0.025550159,0.01007803,0.011105,0.011054615,0.011302808,0.011280107,0.011633075,0.006041144,0.005245238,0.004788307,0.00454553,0.003742904,0.002270756,555244.0774,550441.1137,-0.008650185,0.200053424,0.183730306,144690.9533,160709.5286,0.110708893,0.052131885,0.053642815,6935.665044,8064.508379,0.162759206,0.002498907,0.002691831,188132.1371,186884.0052,-0.006634337,0.067783664,0.062379525,49410.77817,49845.60075,0.008800156,0.017802613,0.016637833,352,363,0.03125,0.126410809,0.123347634,63,73,0.158730159,0.022624662,0.024805447,790,822,0.040506329,0.283706078,0.279316131,149,154,0.033557047,0.053509121,0.052329299,1192.166667,1346.833333,0.129735775,0.41759038,0.44140857,292,291,-0.003424658,0.104863512,0.10193105,1921,2138,0.112961999,0.689872627,0.726493781,1375,1585,0.152727273,0.493792224,0.538584024,14.8,11.9,-2.9,4.8,4.5,-0.3
VA,160150,156085,159137.4167,155935.3333,144597.5833,139631.6667,752709,756503.2962,749114.7069,717617.5237,708104.6386,702669.9029,234396,253730.0731,271107.0358,272469.7351,276308.1625,284825.4824,58915,67735.75,70997,65337.75,66057.75,68505.75,51798,58006,54339,55519,57306,57328,7882590,8023953,8096604,8186628,8260405,8326289,8382993,8411808,0.020316926,0.019277835,0.019438701,0.018877444,0.01736639,0.016656541,0.095490061,0.093434642,0.091504672,0.086874375,0.085044446,0.083820886,0.029735912,0.031337839,0.033115837,0.032985033,0.033185031,0.033976586,0.007474066,0.008365946,0.008672313,0.007909751,0.007933636,0.008171992,0.00657119,0.007164238,0.006637531,0.006721099,0.006882538,0.006838608,1426484.291,1443895.098,0.012205397,0.177778246,0.172241,295609.6877,342354.5405,0.158130314,0.036840905,0.040839178,59509.27327,62544.57159,0.051005468,0.007416453,0.007460888,354369.3547,356373.1621,0.005654573,0.044163937,0.042511447,175137.6601,174978.9122,-0.000906418,0.021826855,0.020873083,1532,1495,-0.024151436,0.194352364,0.179551779,122,151,0.237704918,0.015477146,0.01813533,4016,3961,-0.013695219,0.509477215,0.475722137,460,410,-0.108695652,0.058356454,0.049241625,5624,6045.5,0.074946657,0.686973929,0.718692105,836,836,0,0.106056512,0.102117746,5908,6248,0.057549086,0.749499847,0.750394323,5932,6583,0.109743763,0.752544532,0.790628334,12.7,11.4,-1.3,5.6,5.1,-0.5
VT,17496,15913,15471.0833,14836.25,14226.6667,13733.3333,54859,54918.6144,54209.2773,51536.9771,50499.8202,49208.4382,21409,22633.1056,23522.8335,22926.4054,22933.8367,22736.0662,7134,7629.5,7914.25,9011,9808,10353.75,2964,4131,6556,6654,7577,8018,621760,625909,626431,625953,626630,626562,626042,624594,0.028139475,0.025402638,0.024716046,0.023676252,0.02270592,0.02193676,0.088231794,0.087669056,0.086602792,0.082244669,0.080598281,0.078602455,0.0344329,0.036130245,0.037579233,0.03658683,0.036602661,0.036317158,0.011473881,0.012179314,0.012643521,0.014380097,0.015653678,0.016538427,0.004767113,0.006594501,0.01047363,0.010618706,0.012092977,0.012807447,74195.75958,71817.30863,-0.032056427,0.11854081,0.114716439,19530.85095,20602.22014,0.054855223,0.031203978,0.032908687,6443.606426,7176.97574,0.113813487,0.010294798,0.011464048,15736.71752,15596.73018,-0.008895587,0.025142181,0.024913233,11282.79957,11107.1082,-0.015571611,0.018026262,0.017741794,234,224,-0.042735043,0.376351004,0.35750652,1,2,1,0.001608338,0.003192022,538,489,-0.091078067,0.865285641,0.780449501,63,71,0.126984127,0.10132527,0.113316799,615.75,648.75,0.053593179,0.983700054,1.038674723,2,124,61,0.003216675,0.19809794,360,397,0.102777778,0.579001544,0.633616466,720,710,-0.013888889,1.158003088,1.133167987,9.2,9.8,0.6,3.2,4.3,1.1
WA,193387,192565,194705.75,191753.25,183404.75,176133.0833,532526,545986.0961,540434.7357,519599.0651,523555.6754,521071.1974,168120,179861.0811,186266.2112,183975.4285,187540.3332,189557.1138,70430,69038.25,75386.5,65756.25,71528.25,79765.75,41455,39587,41012,40365,46219,43904,6664195,6742950,6830038,6895318,6971406,7061530,7170351,7288000,0.029018809,0.02819384,0.028237385,0.027505678,0.025972381,0.024564081,0.079908526,0.079938954,0.078377058,0.074532894,0.07414196,0.07267025,0.025227353,0.026333833,0.027013433,0.026390003,0.026558031,0.026436239,0.010568418,0.010108033,0.010932998,0.00943228,0.010129285,0.011124386,0.006220556,0.005796015,0.005947804,0.00579008,0.006545182,0.006122992,1521224.619,1493467.895,-0.018246302,0.225602239,0.208283792,340445.1769,372493.3864,0.094136183,0.050489056,0.051949115,28117.13545,30659.42365,0.090417753,0.004169857,0.004275861,381902.9293,374976.9584,-0.018135422,0.056637366,0.052295482,183428.3547,181916.7208,-0.008241005,0.027202983,0.025370686,1437,1560,0.08559499,0.215629945,0.220915297,132,153,0.159090909,0.019807344,0.021666693,2257,2207,-0.022153301,0.338675564,0.312538501,640,584,-0.0875,0.096035605,0.082701624,4555.416667,4632.5,0.016921248,0.660653601,0.635633919,718,774,0.077994429,0.107739945,0.11225008,4767,4828,0.012796308,0.715315203,0.683704523,5457,5751,0.053875756,0.81885359,0.814412741,14.6,12.9,-1.7,6.1,4.8,-1.3
WI,127891,121516,118584.9167,113762.75,108900.5,105503.5833,594850,606117.1042,596221.8626,562217.0682,550476.2076,541726.1177,135728,166478.1254,172949.0591,173059.0915,177052.4991,185069.5194,64369,63650,60128.25,59571.75,61314.75,61243.25,44856,82427,87538,88294,97600,94796,5654774,5691659,5711767,5724554,5742713,5757564,5771337,5778708,0.022616465,0.021274677,0.020715136,0.019809931,0.018914336,0.018280614,0.105194301,0.106117267,0.104151671,0.097900952,0.095609221,0.093864926,0.024002374,0.029146519,0.030211796,0.030135424,0.030751286,0.03206701,0.011383125,0.011143662,0.010503569,0.010373451,0.010649426,0.010611623,0.007932413,0.014431086,0.015291672,0.015374963,0.016951614,0.01642531,1147055.83,1041086.232,-0.092383993,0.201532775,0.18038909,273638.986,271877.0453,-0.006438924,0.048077193,0.047108156,39431.80881,40529.50488,0.027837832,0.006927999,0.00702255,275568.4278,251357.2589,-0.087859009,0.048416187,0.043552691,158883.2771,142902.9486,-0.100579046,0.027915108,0.024760805,986,1027,0.04158215,0.174365943,0.178374048,73,96,0.315068493,0.012909446,0.016673718,2384,2393,0.003775168,0.421590677,0.415627165,496,465,-0.0625,0.087713497,0.080763323,3422.916667,3839.5,0.1217042,0.597935956,0.664421874,1154,1260,0.091854419,0.204075353,0.220104483,3326,3534,0.062537583,0.588175584,0.613801253,4718,5031,0.06634167,0.834339268,0.873807048,14.2,15,0.8,4.9,6.2,1.3
WV,53060,49117,47890.9167,46401.75,43762.5,41701.0833,207758,205871.8686,201332.9737,194032.0029,192217.0682,194383.0756,93143,95848.7355,114119.7411,116980.7024,131986.4557,150485.1972,22614,21945,24122.5,24984,24069.25,24443.75,15111,16917,13251,11930,12290,10118,1819777,1854368,1855364,1856680,1854304,1850326,1844128,1831102,0.029157419,0.026472972,0.025793845,0.025023809,0.023651238,0.022612901,0.114166736,0.110960366,0.108437089,0.104638723,0.103882812,0.105406499,0.051183744,0.05166034,0.06146441,0.063086043,0.07133146,0.08160236,0.012426797,0.011827868,0.012992277,0.013473519,0.013008113,0.01325491,0.008303765,0.009117887,0.007136933,0.006433681,0.006642073,0.005486604,322255.8125,325911.8501,0.011345141,0.173782018,0.176729517,116767.1906,121410.8198,0.03976827,0.062968726,0.065836439,35106.08194,33675.70549,-0.040744406,0.018931562,0.018261046,66907.38015,68584.6828,0.025069023,0.036080961,0.037190847,52094.8839,53961.09988,0.035823402,0.028093067,0.029261038,385,349,-0.093506494,0.211564384,0.188615412,41,43,0.048780488,0.022530233,0.023239148,1101,1015,-0.078110808,0.605019186,0.548551985,66,66,0,0.03626818,0.03566939,2065.416667,2026.333333,-0.018922736,1.112424686,1.106619584,389,343,-0.118251928,0.213762456,0.18473835,1239,1261,0.017756255,0.680852654,0.68150153,1161,1169,0.006890612,0.637990259,0.631780562,11.2,11.3,0.1,4.7,4.7,0
WY,13338,12997,12601.5834,11980.1666,11628.9167,10995.4167,56424,57419.5134,56577.9695,53763.754,52885.4129,51854.1292,14276,15746.8537,15702.8647,14914.4193,14860.0024,14683.4472,9533,9337.5,9428.25,8243.5,8221,8069.75,2572,4196,3079,3516,3529,4334,544270,564554,568158,576626,582658,584153,586107,585501,0.024506219,0.022875679,0.021853998,0.020561232,0.019907313,0.018760084,0.103669135,0.10106258,0.098119005,0.092273262,0.090533495,0.088472121,0.026229629,0.027715624,0.027232322,0.02559721,0.025438545,0.025052503,0.017515204,0.016434689,0.01635072,0.014148094,0.014073368,0.01376839,0.004725596,0.00738527,0.005339683,0.006034415,0.006041226,0.007394554,161021.642,171101.9317,0.06260208,0.285219203,0.291929514,42756.70478,48972.83679,0.145383795,0.075735368,0.083556137,2691.073426,3809.971622,0.41578137,0.004766725,0.006500471,38960.87971,40911.34912,0.050062253,0.069011786,0.069801844,19532.667,20621.67318,0.055753071,0.034598403,0.035184144,106,100,-0.056603774,0.194756279,0.171188028,12,12,0,0.022047881,0.020542563,284,263,-0.073943662,0.521799842,0.450224513,40,36,-0.1,0.073492935,0.06162769,277.3333333,324.1666667,0.168870192,0.480958773,0.553656897,92,89,-0.032608696,0.169033752,0.154346145,403,391,-0.029776675,0.740441325,0.669345189,503,558,0.109343936,0.924173664,0.955229195,13.8,13.2,-0.6,5.1,5.3,0.2
